{
  "timestamp": "2026-01-15 08:53:25",
  "calibration_matrix": [
    [
      -0.9999980000059999,
      0.0019999960000120004,
      0.0,
      0.00663998672003984
    ],
    [
      -0.0019878609027496495,
      -0.9939304513748245,
      0.109992300816324,
      -0.030833921382942192
    ],
    [
      0.00021998416166476466,
      0.10999208083238232,
      0.9939324392337394,
      -1.9152292760577017
    ],
    [
      0.0,
      0.0,
      0.0,
      1.0
    ]
  ],
  "num_pairs": 6,
  "detected_count": 6,
  "errors": {
    "mean": 215.76804668195055,
    "max": 224.92576900647725,
    "std": 7.068362716879574,
    "mean_translation": 2.1576804668195058,
    "max_translation": 2.2492576900647725,
    "mean_rotation": 3.1395956923382293,
    "max_rotation": 3.1395956923382293
  },
  "method": "model_fallback"
}